{
  "config": {
    "batch_size": 8,
    "num_epochs": 20,
    "learning_rate": 0.001,
    "device": "cpu",
    "num_workers": 2,
    "train_split": 0.7,
    "val_split": 0.2,
    "test_split": 0.1,
    "max_videos_per_class": 40
  },
  "training_stats": {
    "train_losses": [
      0.7668599145753043,
      0.7655284064156669,
      0.7786481891359601,
      0.844961132322039,
      0.7896867990493774,
      0.6881212592124939,
      0.6959730471883502,
      0.7081297806331089,
      0.6894224456378392,
      0.70059221131461,
      0.7111488836152213,
      0.703262209892273,
      0.6935057810374669,
      0.7052907858576093,
      0.6962601372173854,
      0.7084694589887347,
      0.6974419355392456,
      0.6944011960710798,
      0.702630707195827,
      0.733070262840816
    ],
    "val_losses": [
      20.148162841796875,
      94.25955581665039,
      4.3059563636779785,
      1.043857902288437,
      0.9656262993812561,
      0.6725497245788574,
      0.6875220835208893,
      0.7874902486801147,
      0.6904423832893372,
      0.8343749046325684,
      0.7502388954162598,
      0.7432807385921478,
      0.7022397816181183,
      0.6993960440158844,
      0.6989553570747375,
      0.7063217163085938,
      0.6926920115947723,
      0.692740797996521,
      0.7096304297447205,
      0.7165263891220093
    ],
    "train_accuracies": [
      0.44642857142857145,
      0.44642857142857145,
      0.5357142857142857,
      0.44642857142857145,
      0.5,
      0.5178571428571429,
      0.4642857142857143,
      0.375,
      0.44642857142857145,
      0.5357142857142857,
      0.4642857142857143,
      0.5,
      0.5535714285714286,
      0.44642857142857145,
      0.44642857142857145,
      0.48214285714285715,
      0.44642857142857145,
      0.5178571428571429,
      0.4107142857142857,
      0.42857142857142855
    ],
    "val_accuracies": [
      0.5625,
      0.4375,
      0.5625,
      0.5,
      0.4375,
      0.5,
      0.5,
      0.4375,
      0.4375,
      0.4375,
      0.4375,
      0.4375,
      0.4375,
      0.4375,
      0.4375,
      0.4375,
      0.5625,
      0.625,
      0.4375,
      0.4375
    ]
  },
  "model_path": "G:\\Deefake_detection_app\\models\\faceforensics_model_20250727_221742.pth",
  "dataset_info": {
    "real_videos": 40,
    "fake_videos": 40,
    "total_samples": 80
  }
}